{ "frames": {
   "kick H 0.ase": {
    "frame": { "x": 0, "y": 0, "w": 52, "h": 64 },
    "rotated": false,
    "trimmed": true,
    "spriteSourceSize": { "x": 4, "y": 0, "w": 52, "h": 64 },
    "sourceSize": { "w": 94, "h": 64 },
    "duration": 200
   },
   "kick H 1.ase": {
    "frame": { "x": 52, "y": 0, "w": 55, "h": 58 },
    "rotated": false,
    "trimmed": true,
    "spriteSourceSize": { "x": 2, "y": 6, "w": 55, "h": 58 },
    "sourceSize": { "w": 94, "h": 64 },
    "duration": 200
   },
   "kick H 2.ase": {
    "frame": { "x": 107, "y": 0, "w": 92, "h": 58 },
    "rotated": false,
    "trimmed": true,
    "spriteSourceSize": { "x": 2, "y": 6, "w": 92, "h": 58 },
    "sourceSize": { "w": 94, "h": 64 },
    "duration": 100
   },
   "kick H 3.ase": {
    "frame": { "x": 199, "y": 0, "w": 82, "h": 56 },
    "rotated": false,
    "trimmed": true,
    "spriteSourceSize": { "x": 2, "y": 8, "w": 82, "h": 56 },
    "sourceSize": { "w": 94, "h": 64 },
    "duration": 200
   },
   "kick H 4.ase": {
    "frame": { "x": 281, "y": 0, "w": 62, "h": 57 },
    "rotated": false,
    "trimmed": true,
    "spriteSourceSize": { "x": 5, "y": 7, "w": 62, "h": 57 },
    "sourceSize": { "w": 94, "h": 64 },
    "duration": 200
   },
   "kick H 5.ase": {
    "frame": { "x": 343, "y": 0, "w": 60, "h": 61 },
    "rotated": false,
    "trimmed": true,
    "spriteSourceSize": { "x": 0, "y": 3, "w": 60, "h": 61 },
    "sourceSize": { "w": 94, "h": 64 },
    "duration": 200
   }
 },
 "meta": {
  "app": "http://www.aseprite.org/",
  "version": "1.2.11-x64",
  "image": "Heavy_Kick.png",
  "format": "RGBA8888",
  "size": { "w": 564, "h": 64 },
  "scale": "1",
  "frameTags": [
  ],
  "layers": [
   { "name": "tail", "opacity": 255, "blendMode": "normal" },
   { "name": "body", "opacity": 255, "blendMode": "normal" },
   { "name": "head", "opacity": 255, "blendMode": "normal" },
   { "name": "Layer 1", "opacity": 255, "blendMode": "normal" },
   { "name": "smear", "opacity": 255, "blendMode": "normal" }
  ],
  "slices": [
  ]
 }
}
