{ "frames": {
   "punch upv2 0.ase": {
    "frame": { "x": 0, "y": 0, "w": 75, "h": 69 },
    "rotated": false,
    "trimmed": false,
    "spriteSourceSize": { "x": 0, "y": 0, "w": 75, "h": 69 },
    "sourceSize": { "w": 75, "h": 69 },
    "duration": 200
   },
   "punch upv2 1.ase": {
    "frame": { "x": 75, "y": 0, "w": 75, "h": 69 },
    "rotated": false,
    "trimmed": false,
    "spriteSourceSize": { "x": 0, "y": 0, "w": 75, "h": 69 },
    "sourceSize": { "w": 75, "h": 69 },
    "duration": 200
   },
   "punch upv2 2.ase": {
    "frame": { "x": 150, "y": 0, "w": 75, "h": 69 },
    "rotated": false,
    "trimmed": false,
    "spriteSourceSize": { "x": 0, "y": 0, "w": 75, "h": 69 },
    "sourceSize": { "w": 75, "h": 69 },
    "duration": 200
   },
   "punch upv2 3.ase": {
    "frame": { "x": 225, "y": 0, "w": 75, "h": 69 },
    "rotated": false,
    "trimmed": false,
    "spriteSourceSize": { "x": 0, "y": 0, "w": 75, "h": 69 },
    "sourceSize": { "w": 75, "h": 69 },
    "duration": 200
   },
   "punch upv2 4.ase": {
    "frame": { "x": 300, "y": 0, "w": 75, "h": 69 },
    "rotated": false,
    "trimmed": false,
    "spriteSourceSize": { "x": 0, "y": 0, "w": 75, "h": 69 },
    "sourceSize": { "w": 75, "h": 69 },
    "duration": 200
   }
 },
 "meta": {
  "app": "http://www.aseprite.org/",
  "version": "1.2.11-x64",
  "image": "Heavy_Punch.png",
  "format": "RGBA8888",
  "size": { "w": 375, "h": 69 },
  "scale": "1",
  "frameTags": [
  ],
  "layers": [
   { "name": "tail", "opacity": 255, "blendMode": "normal" },
   { "name": "hand2", "opacity": 255, "blendMode": "normal" },
   { "name": "body", "opacity": 255, "blendMode": "normal" },
   { "name": "hands", "opacity": 255, "blendMode": "normal" },
   { "name": "hands2", "opacity": 255, "blendMode": "normal" },
   { "name": "head", "opacity": 255, "blendMode": "normal" },
   { "name": "HAAA", "opacity": 255, "blendMode": "normal" },
   { "name": "yail2", "opacity": 255, "blendMode": "normal" },
   { "name": "Layer 1", "opacity": 255, "blendMode": "normal" }
  ],
  "slices": [
  ]
 }
}
