{ "frames": {
   "hurt 1 0.ase": {
    "frame": { "x": 0, "y": 0, "w": 91, "h": 50 },
    "rotated": false,
    "trimmed": true,
    "spriteSourceSize": { "x": 0, "y": 7, "w": 91, "h": 50 },
    "sourceSize": { "w": 91, "h": 61 },
    "duration": 200
   },
   "hurt 1 1.ase": {
    "frame": { "x": 91, "y": 0, "w": 71, "h": 56 },
    "rotated": false,
    "trimmed": true,
    "spriteSourceSize": { "x": 20, "y": 0, "w": 71, "h": 56 },
    "sourceSize": { "w": 91, "h": 61 },
    "duration": 200
   },
   "hurt 1 2.ase": {
    "frame": { "x": 162, "y": 0, "w": 65, "h": 52 },
    "rotated": false,
    "trimmed": true,
    "spriteSourceSize": { "x": 23, "y": 6, "w": 65, "h": 52 },
    "sourceSize": { "w": 91, "h": 61 },
    "duration": 200
   },
   "hurt 1 3.ase": {
    "frame": { "x": 227, "y": 0, "w": 64, "h": 53 },
    "rotated": false,
    "trimmed": true,
    "spriteSourceSize": { "x": 26, "y": 8, "w": 64, "h": 53 },
    "sourceSize": { "w": 91, "h": 61 },
    "duration": 200
   },
   "hurt 1 4.ase": {
    "frame": { "x": 291, "y": 0, "w": 60, "h": 54 },
    "rotated": false,
    "trimmed": true,
    "spriteSourceSize": { "x": 31, "y": 7, "w": 60, "h": 54 },
    "sourceSize": { "w": 91, "h": 61 },
    "duration": 200
   }
 },
 "meta": {
  "app": "http://www.aseprite.org/",
  "version": "1.2.9-x64",
  "image": "C:\\Users\\ebgd0\\Desktop\\mbsprites\\hurt 1.png",
  "format": "RGBA8888",
  "size": { "w": 455, "h": 61 },
  "scale": "1",
  "frameTags": [
  ],
  "layers": [
   { "name": "tail", "opacity": 255, "blendMode": "normal" },
   { "name": "body", "opacity": 255, "blendMode": "normal" },
   { "name": "head", "opacity": 255, "blendMode": "normal" },
   { "name": "Layer 1", "opacity": 255, "blendMode": "normal" },
   { "name": "Layer 2", "opacity": 255, "blendMode": "normal" },
   { "name": "Layer 2 Copy", "opacity": 255, "blendMode": "normal" },
   { "name": "Layer 3", "opacity": 255, "blendMode": "normal" },
   { "name": "Layer 4", "opacity": 255, "blendMode": "normal" },
   { "name": "mouth", "opacity": 255, "blendMode": "normal" }
  ],
  "slices": [
  ]
 }
}
