{ "frames": {
   "raccon jab 0.ase": {
    "frame": { "x": 0, "y": 0, "w": 86, "h": 64 },
    "rotated": false,
    "trimmed": false,
    "spriteSourceSize": { "x": 0, "y": 0, "w": 86, "h": 64 },
    "sourceSize": { "w": 86, "h": 64 },
    "duration": 100
   },
   "raccon jab 1.ase": {
    "frame": { "x": 86, "y": 0, "w": 86, "h": 64 },
    "rotated": false,
    "trimmed": false,
    "spriteSourceSize": { "x": 0, "y": 0, "w": 86, "h": 64 },
    "sourceSize": { "w": 86, "h": 64 },
    "duration": 100
   },
   "raccon jab 2.ase": {
    "frame": { "x": 172, "y": 0, "w": 86, "h": 64 },
    "rotated": false,
    "trimmed": false,
    "spriteSourceSize": { "x": 0, "y": 0, "w": 86, "h": 64 },
    "sourceSize": { "w": 86, "h": 64 },
    "duration": 100
   },
   "raccon jab 3.ase": {
    "frame": { "x": 258, "y": 0, "w": 86, "h": 64 },
    "rotated": false,
    "trimmed": false,
    "spriteSourceSize": { "x": 0, "y": 0, "w": 86, "h": 64 },
    "sourceSize": { "w": 86, "h": 64 },
    "duration": 100
   },
   "raccon jab 4.ase": {
    "frame": { "x": 344, "y": 0, "w": 86, "h": 64 },
    "rotated": false,
    "trimmed": false,
    "spriteSourceSize": { "x": 0, "y": 0, "w": 86, "h": 64 },
    "sourceSize": { "w": 86, "h": 64 },
    "duration": 100
   },
   "raccon jab 5.ase": {
    "frame": { "x": 430, "y": 0, "w": 86, "h": 64 },
    "rotated": false,
    "trimmed": false,
    "spriteSourceSize": { "x": 0, "y": 0, "w": 86, "h": 64 },
    "sourceSize": { "w": 86, "h": 64 },
    "duration": 100
   },
   "raccon jab 6.ase": {
    "frame": { "x": 516, "y": 0, "w": 86, "h": 64 },
    "rotated": false,
    "trimmed": false,
    "spriteSourceSize": { "x": 0, "y": 0, "w": 86, "h": 64 },
    "sourceSize": { "w": 86, "h": 64 },
    "duration": 100
   },
   "raccon jab 7.ase": {
    "frame": { "x": 602, "y": 0, "w": 86, "h": 64 },
    "rotated": false,
    "trimmed": false,
    "spriteSourceSize": { "x": 0, "y": 0, "w": 86, "h": 64 },
    "sourceSize": { "w": 86, "h": 64 },
    "duration": 100
   },
   "raccon jab 8.ase": {
    "frame": { "x": 688, "y": 0, "w": 86, "h": 64 },
    "rotated": false,
    "trimmed": false,
    "spriteSourceSize": { "x": 0, "y": 0, "w": 86, "h": 64 },
    "sourceSize": { "w": 86, "h": 64 },
    "duration": 100
   },
   "raccon jab 9.ase": {
    "frame": { "x": 774, "y": 0, "w": 86, "h": 64 },
    "rotated": false,
    "trimmed": false,
    "spriteSourceSize": { "x": 0, "y": 0, "w": 86, "h": 64 },
    "sourceSize": { "w": 86, "h": 64 },
    "duration": 100
   }
 },
 "meta": {
  "app": "http://www.aseprite.org/",
  "version": "1.2.11-x64",
  "image": "Light_Punch.png",
  "format": "RGBA8888",
  "size": { "w": 860, "h": 64 },
  "scale": "1",
  "frameTags": [
  ],
  "layers": [
   { "name": "tail", "opacity": 255, "blendMode": "normal" },
   { "name": "body", "opacity": 255, "blendMode": "normal" },
   { "name": "head", "opacity": 255, "blendMode": "normal" },
   { "name": "Layer 1", "opacity": 255, "blendMode": "normal" },
   { "name": "mouth", "opacity": 255, "blendMode": "normal" }
  ],
  "slices": [
  ]
 }
}
